DROP TABLE IF EXISTS concentrations;
DROP TABLE IF EXISTS minerais;
DROP TABLE IF EXISTS releves;

CREATE TABLE releves(
	id int PRIMARY KEY,
	date_releve date,
	lieu VARCHAR
);

CREATE TABLE minerais (
	id VARCHAR PRIMARY KEY,
	libelle text
);
INSERT INTO minerais (id, libelle)
VALUES 
	('cd', 'Cadmium'),
	('co', 'Cobalt'),
	('cr', 'Chrome'),
	('cu', 'Cuivre'),
	('ni', 'Nickel'),
	('pb', 'Plomb'),
	('zn', 'Zinc');

CREATE TABLE concentrations(
	id int auto_increment primary key,
	id_releve int REFERENCES releves,
	id_minerai VARCHAR REFERENCES minerais,
	valeur double
);

INSERT INTO releves(id) VALUES (1), (2), (3), (4), (5), (6), (7), (8), (9), (10), (11), (12), (13), (14), (15), (16), (17), (18), (19), (20), (21), (22), (23), (24), (25), (26), (27), (28), (29), (30), (31), (32), (33), (34), (35), (36), (37), (38), (39), (40), (41), (42), (43), (44), (45), (46), (47), (48), (49), (50), (51), (52), (53), (54), (55), (56), (57), (58), (59), (60), (61), (62), (63), (64), (65), (66), (67), (68), (69), (70), (71), (72), (73), (74), (75), (76), (77), (78), (79), (80), (81), (82), (83), (84), (85), (86), (87), (88), (89), (90), (91), (92), (93), (94), (95), (96), (97), (98), (99), (100), (101), (102), (103), (104), (105), (106), (107), (108), (109), (110), (111), (112), (113), (114), (115), (116), (117), (118), (119), (120), (121), (122), (123), (124), (125), (126), (127), (128), (129), (130), (131), (132), (133), (134), (135), (136), (137), (138), (139), (140), (141), (142), (143), (144), (145), (146), (147), (148), (149), (150), (151), (152), (153), (154), (155), (156), (157), (158), (159), (160), (161), (162), (163), (164), (165), (166), (167), (168), (169), (170), (171), (172), (173), (174), (175), (176), (177), (178), (179), (180), (181), (182), (183), (184), (185), (186), (187), (188), (189), (190), (191), (192), (193), (194), (195), (196), (197), (198), (199), (200), (201), (202), (203), (204), (205), (206), (207), (208), (209), (210), (211), (212), (213), (214), (215), (216), (217), (218), (219), (220), (221), (222), (223), (224), (225), (226), (227), (228), (229), (230), (231), (232), (233), (234), (235), (236), (237), (238), (239), (240), (241), (242), (243), (244), (245), (246), (247), (248), (249), (250), (251), (252), (253), (254), (255), (256), (257), (258), (259), (260), (261), (262), (263), (264), (265), (266), (267), (268), (269), (270), (271), (272), (273), (274), (275), (276), (277), (278), (279), (280), (281), (282), (283), (284), (285), (286), (287), (288), (289), (290), (291), (292), (293), (294), (295), (296), (297), (298), (299), (300), (301), (302), (303), (304), (305), (306), (307), (308), (309), (310), (311), (312), (313), (314), (315), (316), (317), (318), (319), (320), (321), (322), (323), (324), (325), (326), (327), (328), (329), (330), (331), (332), (333), (334), (335), (336), (337), (338), (339), (340), (341), (342), (343), (344), (345), (346), (347), (348), (349), (350), (351), (352), (353), (354), (355), (356), (357), (358), (359);

INSERT INTO concentrations (id_releve, id_minerai, valeur)
VALUES 
	(1, 'cd', 1.74),
	(1, 'co', 9.32),
	(1, 'cr', 38.32),
	(1, 'cu', 25.72),
	(1, 'ni', 21.32),
	(1, 'pb', 77.36),
	(1, 'zn', 92.56),
	(2, 'cd', 1.335),
	(2, 'co', 10.0),
	(2, 'cr', 40.2),
	(2, 'cu', 24.76),
	(2, 'ni', 29.72),
	(2, 'pb', 77.88),
	(2, 'zn', 73.56),
	(3, 'cd', 1.61),
	(3, 'co', 10.6),
	(3, 'cr', 47.0),
	(3, 'cu', 8.88),
	(3, 'ni', 21.4),
	(3, 'pb', 30.8),
	(3, 'zn', 64.8),
	(4, 'cd', 2.15),
	(4, 'co', 11.92),
	(4, 'cr', 43.52),
	(4, 'cu', 22.7),
	(4, 'ni', 29.72),
	(4, 'pb', 56.4),
	(4, 'zn', 90.0),
	(5, 'cd', 1.565),
	(5, 'co', 16.32),
	(5, 'cr', 38.52),
	(5, 'cu', 34.32),
	(5, 'ni', 26.2),
	(5, 'pb', 66.4),
	(5, 'zn', 88.4),
	(6, 'cd', 1.145),
	(6, 'co', 3.508),
	(6, 'cr', 40.4),
	(6, 'cu', 31.28),
	(6, 'ni', 22.04),
	(6, 'pb', 72.4),
	(6, 'zn', 75.2),
	(7, 'cd', 0.894),
	(7, 'co', 15.08),
	(7, 'cr', 30.52),
	(7, 'cu', 27.44),
	(7, 'ni', 21.76),
	(7, 'pb', 60.0),
	(7, 'zn', 72.4),
	(8, 'cd', 0.525),
	(8, 'co', 4.2),
	(8, 'cr', 25.4),
	(8, 'cu', 66.12),
	(8, 'ni', 9.72),
	(8, 'pb', 141.0),
	(8, 'zn', 72.08),
	(9, 'cd', 0.24),
	(9, 'co', 4.52),
	(9, 'cr', 27.96),
	(9, 'cu', 22.32),
	(9, 'ni', 11.32),
	(9, 'pb', 52.4),
	(9, 'zn', 56.4),
	(10, 'cd', 0.625),
	(10, 'co', 12.08),
	(10, 'cr', 33.32),
	(10, 'cu', 18.72),
	(10, 'ni', 16.88),
	(10, 'pb', 41.6),
	(10, 'zn', 75.6),
	(11, 'cd', 3.873),
	(11, 'co', 9.84),
	(11, 'cr', 46.0),
	(11, 'cu', 22.24),
	(11, 'ni', 21.64),
	(11, 'pb', 46.0),
	(11, 'zn', 143.2),
	(12, 'cd', 1.425),
	(12, 'co', 7.56),
	(12, 'cr', 40.8),
	(12, 'cu', 8.76),
	(12, 'ni', 15.72),
	(12, 'pb', 56.4),
	(12, 'zn', 66.8),
	(13, 'cd', 0.455),
	(13, 'co', 2.368),
	(13, 'cr', 19.24),
	(13, 'cu', 21.36),
	(13, 'ni', 7.08),
	(13, 'pb', 38.36),
	(13, 'zn', 37.88),
	(14, 'cd', 1.025),
	(14, 'co', 8.84),
	(14, 'cr', 28.32),
	(14, 'cu', 5.88),
	(14, 'ni', 17.4),
	(14, 'pb', 52.8),
	(14, 'zn', 47.6),
	(15, 'cd', 0.775),
	(15, 'co', 11.96),
	(15, 'cr', 35.6),
	(15, 'cu', 17.6),
	(15, 'ni', 23.76),
	(15, 'pb', 32.92),
	(15, 'zn', 70.8),
	(16, 'cd', 0.62),
	(16, 'co', 5.32),
	(16, 'cr', 31.0),
	(16, 'cu', 18.52),
	(16, 'ni', 10.8),
	(16, 'pb', 42.0),
	(16, 'zn', 46.8),
	(17, 'cd', 0.4),
	(17, 'co', 4.68),
	(17, 'cr', 20.52),
	(17, 'cu', 3.96),
	(17, 'ni', 6.68),
	(17, 'pb', 21.48),
	(17, 'zn', 25.2),
	(18, 'cd', 0.625),
	(18, 'co', 3.536),
	(18, 'cr', 25.2),
	(18, 'cu', 8.24),
	(18, 'ni', 11.32),
	(18, 'pb', 29.92),
	(18, 'zn', 31.32),
	(19, 'cd', 0.355),
	(19, 'co', 3.64),
	(19, 'cr', 18.4),
	(19, 'cu', 21.56),
	(19, 'ni', 6.64),
	(19, 'pb', 46.8),
	(19, 'zn', 39.56),
	(20, 'cd', 1.585),
	(20, 'co', 12.44),
	(20, 'cr', 40.56),
	(20, 'cu', 40.88),
	(20, 'ni', 25.08),
	(20, 'pb', 88.68),
	(20, 'zn', 114.28),
	(21, 'cd', 1.885),
	(21, 'co', 12.92),
	(21, 'cr', 44.0),
	(21, 'cu', 35.92),
	(21, 'ni', 34.72),
	(21, 'pb', 72.88),
	(21, 'zn', 120.28),
	(22, 'cd', 1.3),
	(22, 'co', 13.04),
	(22, 'cr', 32.48),
	(22, 'cu', 8.8),
	(22, 'ni', 31.52),
	(22, 'pb', 56.52),
	(22, 'zn', 71.76),
	(23, 'cd', 1.575),
	(23, 'co', 11.2),
	(23, 'cr', 35.72),
	(23, 'cu', 22.12),
	(23, 'ni', 35.0),
	(23, 'pb', 43.68),
	(23, 'zn', 90.68),
	(24, 'cd', 4.191),
	(24, 'co', 9.28),
	(24, 'cr', 52.0),
	(24, 'cu', 15.48),
	(24, 'ni', 21.76),
	(24, 'pb', 33.36),
	(24, 'zn', 145.6),
	(25, 'cd', 1.485),
	(25, 'co', 6.84),
	(25, 'cr', 19.0),
	(25, 'cu', 11.16),
	(25, 'ni', 15.84),
	(25, 'pb', 34.64),
	(25, 'zn', 82.8),
	(26, 'cd', 0.915),
	(26, 'co', 10.8),
	(26, 'cr', 32.72),
	(26, 'cu', 39.8),
	(26, 'ni', 18.6),
	(26, 'pb', 64.8),
	(26, 'zn', 86.0),
	(27, 'cd', 0.705),
	(27, 'co', 8.56),
	(27, 'cr', 30.28),
	(27, 'cu', 15.76),
	(27, 'ni', 21.96),
	(27, 'pb', 39.52),
	(27, 'zn', 66.4),
	(28, 'cd', 0.62),
	(28, 'co', 14.16),
	(28, 'cr', 28.56),
	(28, 'cu', 48.8),
	(28, 'ni', 24.44),
	(28, 'pb', 63.2),
	(28, 'zn', 78.0),
	(29, 'cd', 0.885),
	(29, 'co', 6.28),
	(29, 'cr', 27.92),
	(29, 'cu', 4.52),
	(29, 'ni', 13.88),
	(29, 'pb', 37.16),
	(29, 'zn', 46.8),
	(30, 'cd', 1.96),
	(30, 'co', 13.4),
	(30, 'cr', 45.2),
	(30, 'cu', 47.12),
	(30, 'ni', 35.12),
	(30, 'pb', 93.92),
	(30, 'zn', 123.84),
	(31, 'cd', 3.155),
	(31, 'co', 9.28),
	(31, 'cr', 62.4),
	(31, 'cu', 48.8),
	(31, 'ni', 24.28),
	(31, 'pb', 55.6),
	(31, 'zn', 151.6),
	(32, 'cd', 1.28),
	(32, 'co', 5.92),
	(32, 'cr', 38.52),
	(32, 'cu', 24.96),
	(32, 'ni', 23.28),
	(32, 'pb', 49.2),
	(32, 'zn', 81.6),
	(33, 'cd', 1.785),
	(33, 'co', 7.44),
	(33, 'cr', 23.72),
	(33, 'cu', 9.652),
	(33, 'ni', 17.72),
	(33, 'pb', 58.4),
	(33, 'zn', 58.0),
	(34, 'cd', 1.895),
	(34, 'co', 11.48),
	(34, 'cr', 52.0),
	(34, 'cu', 25.28),
	(34, 'ni', 26.72),
	(34, 'pb', 35.6),
	(34, 'zn', 141.6),
	(35, 'cd', 0.57),
	(35, 'co', 4.88),
	(35, 'cr', 27.32),
	(35, 'cu', 33.8),
	(35, 'ni', 7.44),
	(35, 'pb', 58.4),
	(35, 'zn', 47.6),
	(36, 'cd', 0.54),
	(36, 'co', 5.48),
	(36, 'cr', 35.72),
	(36, 'cu', 17.4),
	(36, 'ni', 10.6),
	(36, 'pb', 36.88),
	(36, 'zn', 53.2),
	(37, 'cd', 0.75),
	(37, 'co', 12.6),
	(37, 'cr', 36.2),
	(37, 'cu', 16.4),
	(37, 'ni', 26.6),
	(37, 'pb', 39.8),
	(37, 'zn', 80.8),
	(38, 'cd', 0.875),
	(38, 'co', 14.64),
	(38, 'cr', 28.88),
	(38, 'cu', 65.2),
	(38, 'ni', 20.8),
	(38, 'pb', 69.6),
	(38, 'zn', 76.4),
	(39, 'cd', 2.818),
	(39, 'co', 11.24),
	(39, 'cr', 35.04),
	(39, 'cu', 29.12),
	(39, 'ni', 21.96),
	(39, 'pb', 46.0),
	(39, 'zn', 80.8),
	(40, 'cd', 3.805),
	(40, 'co', 9.16),
	(40, 'cr', 67.04),
	(40, 'cu', 112.04),
	(40, 'ni', 28.88),
	(40, 'pb', 229.56),
	(40, 'zn', 219.32),
	(41, 'cd', 0.605),
	(41, 'co', 9.68),
	(41, 'cr', 27.32),
	(41, 'cu', 28.8),
	(41, 'ni', 12.8),
	(41, 'pb', 56.6),
	(41, 'zn', 67.16),
	(42, 'cd', 1.003),
	(42, 'co', 11.32),
	(42, 'cr', 33.48),
	(42, 'cu', 21.2),
	(42, 'ni', 20.56),
	(42, 'pb', 48.8),
	(42, 'zn', 110.0),
	(43, 'cd', 1.9),
	(43, 'co', 8.52),
	(43, 'cr', 46.4),
	(43, 'cu', 10.28),
	(43, 'ni', 24.8),
	(43, 'pb', 36.44),
	(43, 'zn', 83.6),
	(44, 'cd', 0.895),
	(44, 'co', 12.6),
	(44, 'cr', 41.6),
	(44, 'cu', 60.72),
	(44, 'ni', 24.16),
	(44, 'pb', 89.68),
	(44, 'zn', 102.44),
	(45, 'cd', 4.02),
	(45, 'co', 6.16),
	(45, 'cr', 60.8),
	(45, 'cu', 21.08),
	(45, 'ni', 21.96),
	(45, 'pb', 52.0),
	(45, 'zn', 101.6),
	(46, 'cd', 0.56),
	(46, 'co', 6.64),
	(46, 'cr', 35.12),
	(46, 'cu', 12.72),
	(46, 'ni', 11.12),
	(46, 'pb', 39.64),
	(46, 'zn', 57.2),
	(47, 'cd', 1.39),
	(47, 'co', 10.36),
	(47, 'cr', 45.6),
	(47, 'cu', 57.2),
	(47, 'ni', 24.6),
	(47, 'pb', 129.2),
	(47, 'zn', 149.2),
	(48, 'cd', 1.91),
	(48, 'co', 2.12),
	(48, 'cr', 31.12),
	(48, 'cu', 11.6),
	(48, 'ni', 8.0),
	(48, 'pb', 69.16),
	(48, 'zn', 50.4),
	(49, 'cd', 1.07),
	(49, 'co', 7.8),
	(49, 'cr', 38.24),
	(49, 'cu', 10.88),
	(49, 'ni', 19.92),
	(49, 'pb', 29.88),
	(49, 'zn', 70.8),
	(50, 'cd', 0.795),
	(50, 'co', 9.96),
	(50, 'cr', 29.08),
	(50, 'cu', 9.92),
	(50, 'ni', 15.28),
	(50, 'pb', 37.48),
	(50, 'zn', 65.6),
	(51, 'cd', 0.55),
	(51, 'co', 9.56),
	(51, 'cr', 26.6),
	(51, 'cu', 50.4),
	(51, 'ni', 16.0),
	(51, 'pb', 77.2),
	(51, 'zn', 76.0),
	(52, 'cd', 1.255),
	(52, 'co', 7.0),
	(52, 'cr', 42.8),
	(52, 'cu', 49.6),
	(52, 'ni', 25.44),
	(52, 'pb', 80.4),
	(52, 'zn', 101.6),
	(53, 'cd', 2.055),
	(53, 'co', 6.32),
	(53, 'cr', 29.8),
	(53, 'cu', 10.8),
	(53, 'ni', 20.8),
	(53, 'pb', 43.6),
	(53, 'zn', 59.36),
	(54, 'cd', 1.22),
	(54, 'co', 11.0),
	(54, 'cr', 34.04),
	(54, 'cu', 51.6),
	(54, 'ni', 20.32),
	(54, 'pb', 80.8),
	(54, 'zn', 90.0),
	(55, 'cd', 0.975),
	(55, 'co', 14.6),
	(55, 'cr', 33.0),
	(55, 'cu', 30.1),
	(55, 'ni', 23.6),
	(55, 'pb', 48.8),
	(55, 'zn', 83.2),
	(56, 'cd', 0.465),
	(56, 'co', 4.0),
	(56, 'cr', 24.64),
	(56, 'cu', 23.32),
	(56, 'ni', 9.16),
	(56, 'pb', 54.8),
	(56, 'zn', 44.4),
	(57, 'cd', 1.145),
	(57, 'co', 11.08),
	(57, 'cr', 37.08),
	(57, 'cu', 14.8),
	(57, 'ni', 31.56),
	(57, 'pb', 47.6),
	(57, 'zn', 74.4),
	(58, 'cd', 1.525),
	(58, 'co', 16.92),
	(58, 'cr', 38.6),
	(58, 'cu', 22.0),
	(58, 'ni', 26.8),
	(58, 'pb', 46.8),
	(58, 'zn', 87.6),
	(59, 'cd', 1.455),
	(59, 'co', 4.52),
	(59, 'cr', 20.2),
	(59, 'cu', 7.28),
	(59, 'ni', 12.68),
	(59, 'pb', 36.52),
	(59, 'zn', 39.6),
	(60, 'cd', 1.12),
	(60, 'co', 11.92),
	(60, 'cr', 34.84),
	(60, 'cu', 20.72),
	(60, 'ni', 19.96),
	(60, 'pb', 41.2),
	(60, 'zn', 83.2),
	(61, 'cd', 1.819),
	(61, 'co', 11.72),
	(61, 'cr', 38.04),
	(61, 'cu', 17.6),
	(61, 'ni', 28.6),
	(61, 'pb', 35.8),
	(61, 'zn', 82.4),
	(62, 'cd', 0.495),
	(62, 'co', 11.2),
	(62, 'cr', 22.4),
	(62, 'cu', 14.32),
	(62, 'ni', 10.92),
	(62, 'pb', 32.76),
	(62, 'zn', 50.4),
	(63, 'cd', 2.12),
	(63, 'co', 10.12),
	(63, 'cr', 35.32),
	(63, 'cu', 12.32),
	(63, 'ni', 21.52),
	(63, 'pb', 42.4),
	(63, 'zn', 64.8),
	(64, 'cd', 2.15),
	(64, 'co', 7.32),
	(64, 'cr', 48.0),
	(64, 'cu', 28.96),
	(64, 'ni', 19.72),
	(64, 'pb', 42.8),
	(64, 'zn', 120.8),
	(65, 'cd', 0.65),
	(65, 'co', 11.6),
	(65, 'cr', 27.44),
	(65, 'cu', 35.56),
	(65, 'ni', 19.28),
	(65, 'pb', 80.8),
	(65, 'zn', 74.0),
	(66, 'cd', 0.84),
	(66, 'co', 6.8),
	(66, 'cr', 30.56),
	(66, 'cu', 22.84),
	(66, 'ni', 16.08),
	(66, 'pb', 50.4),
	(66, 'zn', 58.8),
	(67, 'cd', 3.925),
	(67, 'co', 12.92),
	(67, 'cr', 25.6),
	(67, 'cu', 47.4),
	(67, 'ni', 26.12),
	(67, 'pb', 84.16),
	(67, 'zn', 92.36),
	(68, 'cd', 1.98),
	(68, 'co', 8.4),
	(68, 'cr', 40.8),
	(68, 'cu', 27.12),
	(68, 'ni', 17.68),
	(68, 'pb', 39.92),
	(68, 'zn', 108.0),
	(69, 'cd', 0.45),
	(69, 'co', 3.536),
	(69, 'cr', 25.64),
	(69, 'cu', 12.44),
	(69, 'ni', 10.0),
	(69, 'pb', 34.0),
	(69, 'zn', 39.4),
	(70, 'cd', 2.96),
	(70, 'co', 7.2),
	(70, 'cr', 45.2),
	(70, 'cu', 38.96),
	(70, 'ni', 15.0),
	(70, 'pb', 70.4),
	(70, 'zn', 148.4),
	(71, 'cd', 1.685),
	(71, 'co', 9.84),
	(71, 'cr', 31.28),
	(71, 'cu', 9.4),
	(71, 'ni', 14.72),
	(71, 'pb', 34.56),
	(71, 'zn', 84.32),
	(72, 'cd', 1.305),
	(72, 'co', 13.52),
	(72, 'cr', 45.52),
	(72, 'cu', 17.5),
	(72, 'ni', 27.2),
	(72, 'pb', 38.96),
	(72, 'zn', 77.6),
	(73, 'cd', 4.227),
	(73, 'co', 9.64),
	(73, 'cr', 48.4),
	(73, 'cu', 16.88),
	(73, 'ni', 22.92),
	(73, 'pb', 34.64),
	(73, 'zn', 136.8),
	(74, 'cd', 0.98),
	(74, 'co', 12.52),
	(74, 'cr', 32.6),
	(74, 'cu', 22.7),
	(74, 'ni', 19.4),
	(74, 'pb', 41.6),
	(74, 'zn', 72.8),
	(75, 'cd', 1.57),
	(75, 'co', 10.44),
	(75, 'cr', 37.72),
	(75, 'cu', 17.44),
	(75, 'ni', 28.32),
	(75, 'pb', 49.6),
	(75, 'zn', 81.6),
	(76, 'cd', 0.86),
	(76, 'co', 11.88),
	(76, 'cr', 32.72),
	(76, 'cu', 15.12),
	(76, 'ni', 23.48),
	(76, 'pb', 32.84),
	(76, 'zn', 63.6),
	(77, 'cd', 2.17),
	(77, 'co', 10.84),
	(77, 'cr', 55.2),
	(77, 'cu', 12.52),
	(77, 'ni', 29.48),
	(77, 'pb', 37.68),
	(77, 'zn', 74.4),
	(78, 'cd', 1.56),
	(78, 'co', 12.8),
	(78, 'cr', 42.6),
	(78, 'cu', 34.0),
	(78, 'ni', 23.52),
	(78, 'pb', 76.4),
	(78, 'zn', 94.0),
	(79, 'cd', 0.81),
	(79, 'co', 10.88),
	(79, 'cr', 27.44),
	(79, 'cu', 12.08),
	(79, 'ni', 20.84),
	(79, 'pb', 36.28),
	(79, 'zn', 58.8),
	(80, 'cd', 1.71),
	(80, 'co', 12.84),
	(80, 'cr', 43.4),
	(80, 'cu', 56.24),
	(80, 'ni', 26.96),
	(80, 'pb', 104.68),
	(80, 'zn', 125.4),
	(81, 'cd', 0.845),
	(81, 'co', 12.8),
	(81, 'cr', 33.72),
	(81, 'cu', 27.92),
	(81, 'ni', 26.2),
	(81, 'pb', 78.8),
	(81, 'zn', 79.6),
	(82, 'cd', 0.357),
	(82, 'co', 4.08),
	(82, 'cr', 19.36),
	(82, 'cu', 13.24),
	(82, 'ni', 6.56),
	(82, 'pb', 35.4),
	(82, 'zn', 46.8),
	(83, 'cd', 1.535),
	(83, 'co', 6.76),
	(83, 'cr', 20.32),
	(83, 'cu', 5.88),
	(83, 'ni', 13.4),
	(83, 'pb', 55.2),
	(83, 'zn', 52.4),
	(84, 'cd', 1.285),
	(84, 'co', 1.552),
	(84, 'cr', 8.72),
	(84, 'cu', 13.64),
	(84, 'ni', 7.16),
	(84, 'pb', 84.4),
	(84, 'zn', 65.2),
	(85, 'cd', 1.82),
	(85, 'co', 3.924),
	(85, 'cr', 27.36),
	(85, 'cu', 7.6),
	(85, 'ni', 10.44),
	(85, 'pb', 27.04),
	(85, 'zn', 39.8),
	(86, 'cd', 0.945),
	(86, 'co', 13.32),
	(86, 'cr', 37.8),
	(86, 'cu', 37.4),
	(86, 'ni', 32.6),
	(86, 'pb', 59.04),
	(86, 'zn', 104.36),
	(87, 'cd', 1.605),
	(87, 'co', 7.36),
	(87, 'cr', 67.6),
	(87, 'cu', 13.48),
	(87, 'ni', 16.2),
	(87, 'pb', 49.6),
	(87, 'zn', 75.2),
	(88, 'cd', 2.23),
	(88, 'co', 11.92),
	(88, 'cr', 37.8),
	(88, 'cu', 24.6),
	(88, 'ni', 37.72),
	(88, 'pb', 44.88),
	(88, 'zn', 96.6),
	(89, 'cd', 0.89),
	(89, 'co', 8.6),
	(89, 'cr', 37.68),
	(89, 'cu', 4.4),
	(89, 'ni', 22.96),
	(89, 'pb', 26.76),
	(89, 'zn', 66.0),
	(90, 'cd', 1.898),
	(90, 'co', 12.64),
	(90, 'cr', 54.0),
	(90, 'cu', 15.16),
	(90, 'ni', 28.36),
	(90, 'pb', 59.2),
	(90, 'zn', 86.0),
	(91, 'cd', 0.37),
	(91, 'co', 3.14),
	(91, 'cr', 22.6),
	(91, 'cu', 15.72),
	(91, 'ni', 6.08),
	(91, 'pb', 29.36),
	(91, 'zn', 47.2),
	(92, 'cd', 1.38),
	(92, 'co', 11.28),
	(92, 'cr', 37.6),
	(92, 'cu', 15.64),
	(92, 'ni', 25.76),
	(92, 'pb', 34.44),
	(92, 'zn', 71.6),
	(93, 'cd', 0.285),
	(93, 'co', 9.6),
	(93, 'cr', 38.0),
	(93, 'cu', 14.16),
	(93, 'ni', 24.52),
	(93, 'pb', 44.0),
	(93, 'zn', 76.0),
	(94, 'cd', 0.61),
	(94, 'co', 6.44),
	(94, 'cr', 21.84),
	(94, 'cu', 16.4),
	(94, 'ni', 10.36),
	(94, 'pb', 52.56),
	(94, 'zn', 51.24),
	(95, 'cd', 0.625),
	(95, 'co', 6.96),
	(95, 'cr', 33.2),
	(95, 'cu', 5.36),
	(95, 'ni', 19.2),
	(95, 'pb', 41.2),
	(95, 'zn', 43.6),
	(96, 'cd', 0.325),
	(96, 'co', 3.192),
	(96, 'cr', 21.4),
	(96, 'cu', 9.72),
	(96, 'ni', 4.72),
	(96, 'pb', 24.64),
	(96, 'zn', 35.08),
	(97, 'cd', 1.985),
	(97, 'co', 12.2),
	(97, 'cr', 38.4),
	(97, 'cu', 18.92),
	(97, 'ni', 37.2),
	(97, 'pb', 42.68),
	(97, 'zn', 89.84),
	(98, 'cd', 0.95),
	(98, 'co', 8.92),
	(98, 'cr', 40.8),
	(98, 'cu', 15.4),
	(98, 'ni', 26.52),
	(98, 'pb', 36.6),
	(98, 'zn', 74.0),
	(99, 'cd', 2.04),
	(99, 'co', 11.8),
	(99, 'cr', 40.4),
	(99, 'cu', 26.2),
	(99, 'ni', 29.8),
	(99, 'pb', 63.92),
	(99, 'zn', 107.2),
	(100, 'cd', 0.325),
	(100, 'co', 3.712),
	(100, 'cr', 14.52),
	(100, 'cu', 17.52),
	(100, 'ni', 4.76),
	(100, 'pb', 44.4),
	(100, 'zn', 40.8),
	(101, 'cd', 0.83),
	(101, 'co', 13.36),
	(101, 'cr', 33.6),
	(101, 'cu', 19.2),
	(101, 'ni', 24.64),
	(101, 'pb', 36.36),
	(101, 'zn', 84.4),
	(102, 'cd', 0.8),
	(102, 'co', 12.4),
	(102, 'cr', 31.44),
	(102, 'cu', 166.4),
	(102, 'ni', 16.0),
	(102, 'pb', 146.8),
	(102, 'zn', 100.4),
	(103, 'cd', 2.08),
	(103, 'co', 7.92),
	(103, 'cr', 56.4),
	(103, 'cu', 11.52),
	(103, 'ni', 24.84),
	(103, 'pb', 37.56),
	(103, 'zn', 79.6),
	(104, 'cd', 2.55),
	(104, 'co', 8.52),
	(104, 'cr', 31.24),
	(104, 'cu', 12.12),
	(104, 'ni', 16.12),
	(104, 'pb', 36.56),
	(104, 'zn', 96.96),
	(105, 'cd', 2.535),
	(105, 'co', 11.84),
	(105, 'cr', 52.4),
	(105, 'cu', 31.96),
	(105, 'ni', 26.64),
	(105, 'pb', 77.6),
	(105, 'zn', 126.8),
	(106, 'cd', 1.435),
	(106, 'co', 9.12),
	(106, 'cr', 37.44),
	(106, 'cu', 53.2),
	(106, 'ni', 21.32),
	(106, 'pb', 107.6),
	(106, 'zn', 110.32),
	(107, 'cd', 0.375),
	(107, 'co', 7.28),
	(107, 'cr', 33.32),
	(107, 'cu', 4.2),
	(107, 'ni', 14.4),
	(107, 'pb', 37.12),
	(107, 'zn', 46.4),
	(108, 'cd', 1.93),
	(108, 'co', 12.44),
	(108, 'cr', 43.04),
	(108, 'cu', 77.32),
	(108, 'ni', 33.76),
	(108, 'pb', 157.28),
	(108, 'zn', 166.28),
	(109, 'cd', 1.215),
	(109, 'co', 10.08),
	(109, 'cr', 29.28),
	(109, 'cu', 9.8),
	(109, 'ni', 15.2),
	(109, 'pb', 35.64),
	(109, 'zn', 64.0),
	(110, 'cd', 1.05),
	(110, 'co', 10.6),
	(110, 'cr', 39.24),
	(110, 'cu', 7.44),
	(110, 'ni', 20.0),
	(110, 'pb', 37.68),
	(110, 'zn', 48.4),
	(111, 'cd', 1.26),
	(111, 'co', 9.76),
	(111, 'cr', 45.32),
	(111, 'cu', 17.2),
	(111, 'ni', 17.6),
	(111, 'pb', 53.6),
	(111, 'zn', 62.8),
	(112, 'cd', 0.685),
	(112, 'co', 11.92),
	(112, 'cr', 33.64),
	(112, 'cu', 19.64),
	(112, 'ni', 16.24),
	(112, 'pb', 41.6),
	(112, 'zn', 76.0),
	(113, 'cd', 0.705),
	(113, 'co', 11.8),
	(113, 'cr', 29.92),
	(113, 'cu', 19.2),
	(113, 'ni', 14.6),
	(113, 'pb', 34.0),
	(113, 'zn', 59.88),
	(114, 'cd', 1.385),
	(114, 'co', 2.072),
	(114, 'cr', 9.72),
	(114, 'cu', 9.232),
	(114, 'ni', 5.36),
	(114, 'pb', 80.4),
	(114, 'zn', 49.2),
	(115, 'cd', 0.505),
	(115, 'co', 5.48),
	(115, 'cr', 34.0),
	(115, 'cu', 14.0),
	(115, 'ni', 10.92),
	(115, 'pb', 33.24),
	(115, 'zn', 54.4),
	(116, 'cd', 1.74),
	(116, 'co', 12.4),
	(116, 'cr', 44.32),
	(116, 'cu', 18.1),
	(116, 'ni', 27.72),
	(116, 'pb', 41.6),
	(116, 'zn', 73.6),
	(117, 'cd', 0.56),
	(117, 'co', 11.6),
	(117, 'cr', 26.92),
	(117, 'cu', 19.4),
	(117, 'ni', 13.72),
	(117, 'pb', 36.76),
	(117, 'zn', 57.2),
	(118, 'cd', 1.917),
	(118, 'co', 8.44),
	(118, 'cr', 33.48),
	(118, 'cu', 8.4),
	(118, 'ni', 18.72),
	(118, 'pb', 35.12),
	(118, 'zn', 59.6),
	(119, 'cd', 0.32),
	(119, 'co', 3.8),
	(119, 'cr', 18.2),
	(119, 'cu', 26.16),
	(119, 'ni', 6.44),
	(119, 'pb', 45.2),
	(119, 'zn', 39.88),
	(120, 'cd', 0.63),
	(120, 'co', 12.0),
	(120, 'cr', 31.28),
	(120, 'cu', 18.04),
	(120, 'ni', 18.68),
	(120, 'pb', 38.24),
	(120, 'zn', 80.76),
	(121, 'cd', 4.18),
	(121, 'co', 9.6),
	(121, 'cr', 45.32),
	(121, 'cu', 8.2),
	(121, 'ni', 22.2),
	(121, 'pb', 42.04),
	(121, 'zn', 81.72),
	(122, 'cd', 1.11),
	(122, 'co', 14.2),
	(122, 'cr', 34.8),
	(122, 'cu', 17.92),
	(122, 'ni', 30.32),
	(122, 'pb', 38.72),
	(122, 'zn', 79.0),
	(123, 'cd', 0.425),
	(123, 'co', 3.092),
	(123, 'cr', 22.12),
	(123, 'cu', 16.2),
	(123, 'ni', 5.04),
	(123, 'pb', 50.4),
	(123, 'zn', 61.6),
	(124, 'cd', 0.28),
	(124, 'co', 8.0),
	(124, 'cr', 25.96),
	(124, 'cu', 18.0),
	(124, 'ni', 12.28),
	(124, 'pb', 41.2),
	(124, 'zn', 46.4),
	(125, 'cd', 1.39),
	(125, 'co', 12.36),
	(125, 'cr', 42.12),
	(125, 'cu', 59.16),
	(125, 'ni', 28.2),
	(125, 'pb', 101.92),
	(125, 'zn', 135.88),
	(126, 'cd', 2.805),
	(126, 'co', 12.2),
	(126, 'cr', 39.2),
	(126, 'cu', 10.5),
	(126, 'ni', 32.92),
	(126, 'pb', 44.0),
	(126, 'zn', 65.6),
	(127, 'cd', 1.71),
	(127, 'co', 14.12),
	(127, 'cr', 42.8),
	(127, 'cu', 30.0),
	(127, 'ni', 35.0),
	(127, 'pb', 58.6),
	(127, 'zn', 106.36),
	(128, 'cd', 0.165),
	(128, 'co', 3.752),
	(128, 'cr', 18.6),
	(128, 'cu', 23.64),
	(128, 'ni', 7.08),
	(128, 'pb', 56.4),
	(128, 'zn', 44.0),
	(129, 'cd', 1.36),
	(129, 'co', 2.816),
	(129, 'cr', 10.76),
	(129, 'cu', 8.68),
	(129, 'ni', 7.08),
	(129, 'pb', 53.6),
	(129, 'zn', 28.88),
	(130, 'cd', 0.24),
	(130, 'co', 3.76),
	(130, 'cr', 18.92),
	(130, 'cu', 20.72),
	(130, 'ni', 5.2),
	(130, 'pb', 22.36),
	(130, 'zn', 32.24),
	(131, 'cd', 1.445),
	(131, 'co', 7.76),
	(131, 'cr', 61.2),
	(131, 'cu', 15.4),
	(131, 'ni', 20.68),
	(131, 'pb', 50.8),
	(131, 'zn', 75.6),
	(132, 'cd', 0.515),
	(132, 'co', 5.0),
	(132, 'cr', 32.56),
	(132, 'cu', 16.04),
	(132, 'ni', 8.96),
	(132, 'pb', 35.04),
	(132, 'zn', 50.4),
	(133, 'cd', 0.56),
	(133, 'co', 6.52),
	(133, 'cr', 24.4),
	(133, 'cu', 8.352),
	(133, 'ni', 12.4),
	(133, 'pb', 25.4),
	(133, 'zn', 49.2),
	(134, 'cd', 0.905),
	(134, 'co', 11.24),
	(134, 'cr', 37.4),
	(134, 'cu', 44.4),
	(134, 'ni', 16.56),
	(134, 'pb', 82.0),
	(134, 'zn', 78.4),
	(135, 'cd', 0.605),
	(135, 'co', 5.16),
	(135, 'cr', 29.28),
	(135, 'cu', 26.24),
	(135, 'ni', 11.44),
	(135, 'pb', 54.0),
	(135, 'zn', 54.0),
	(136, 'cd', 2.423),
	(136, 'co', 14.48),
	(136, 'cr', 45.6),
	(136, 'cu', 32.52),
	(136, 'ni', 28.32),
	(136, 'pb', 80.4),
	(136, 'zn', 84.0),
	(137, 'cd', 0.785),
	(137, 'co', 7.84),
	(137, 'cr', 35.92),
	(137, 'cu', 6.72),
	(137, 'ni', 22.72),
	(137, 'pb', 43.6),
	(137, 'zn', 60.8),
	(138, 'cd', 0.81),
	(138, 'co', 4.64),
	(138, 'cr', 28.6),
	(138, 'cu', 5.48),
	(138, 'ni', 14.92),
	(138, 'pb', 28.8),
	(138, 'zn', 42.0),
	(139, 'cd', 1.1),
	(139, 'co', 7.84),
	(139, 'cr', 32.2),
	(139, 'cu', 5.72),
	(139, 'ni', 17.92),
	(139, 'pb', 32.48),
	(139, 'zn', 44.0),
	(140, 'cd', 0.951),
	(140, 'co', 15.28),
	(140, 'cr', 29.24),
	(140, 'cu', 38.96),
	(140, 'ni', 20.36),
	(140, 'pb', 78.8),
	(140, 'zn', 70.8),
	(141, 'cd', 0.275),
	(141, 'co', 3.552),
	(141, 'cr', 16.2),
	(141, 'cu', 7.48),
	(141, 'ni', 4.64),
	(141, 'pb', 20.2),
	(141, 'zn', 33.44),
	(142, 'cd', 1.58),
	(142, 'co', 12.6),
	(142, 'cr', 60.8),
	(142, 'cu', 9.84),
	(142, 'ni', 32.2),
	(142, 'pb', 64.8),
	(142, 'zn', 86.0),
	(143, 'cd', 1.06),
	(143, 'co', 11.48),
	(143, 'cr', 41.6),
	(143, 'cu', 26.44),
	(143, 'ni', 29.24),
	(143, 'pb', 51.2),
	(143, 'zn', 80.8),
	(144, 'cd', 2.58),
	(144, 'co', 11.64),
	(144, 'cr', 45.2),
	(144, 'cu', 29.24),
	(144, 'ni', 27.36),
	(144, 'pb', 59.2),
	(144, 'zn', 106.4),
	(145, 'cd', 3.68),
	(145, 'co', 11.12),
	(145, 'cr', 52.0),
	(145, 'cu', 14.44),
	(145, 'ni', 28.72),
	(145, 'pb', 56.4),
	(145, 'zn', 89.6),
	(146, 'cd', 1.875),
	(146, 'co', 11.12),
	(146, 'cr', 36.12),
	(146, 'cu', 9.52),
	(146, 'ni', 25.4),
	(146, 'pb', 70.0),
	(146, 'zn', 65.2),
	(147, 'cd', 0.805),
	(147, 'co', 13.0),
	(147, 'cr', 48.32),
	(147, 'cu', 8.76),
	(147, 'ni', 26.0),
	(147, 'pb', 27.2),
	(147, 'zn', 61.6),
	(148, 'cd', 0.535),
	(148, 'co', 4.6),
	(148, 'cr', 20.8),
	(148, 'cu', 8.76),
	(148, 'ni', 5.4),
	(148, 'pb', 27.04),
	(148, 'zn', 32.92),
	(149, 'cd', 2.055),
	(149, 'co', 8.08),
	(149, 'cr', 50.4),
	(149, 'cu', 60.0),
	(149, 'ni', 23.16),
	(149, 'pb', 195.6),
	(149, 'zn', 108.0),
	(150, 'cd', 0.555),
	(150, 'co', 10.28),
	(150, 'cr', 27.64),
	(150, 'cu', 10.8),
	(150, 'ni', 19.6),
	(150, 'pb', 36.52),
	(150, 'zn', 64.8),
	(151, 'cd', 1.51),
	(151, 'co', 10.92),
	(151, 'cr', 57.6),
	(151, 'cu', 10.88),
	(151, 'ni', 30.68),
	(151, 'pb', 44.4),
	(151, 'zn', 80.4),
	(152, 'cd', 0.58),
	(152, 'co', 5.48),
	(152, 'cr', 36.0),
	(152, 'cu', 20.52),
	(152, 'ni', 10.92),
	(152, 'pb', 34.88),
	(152, 'zn', 50.4),
	(153, 'cd', 1.97),
	(153, 'co', 8.0),
	(153, 'cr', 51.2),
	(153, 'cu', 24.64),
	(153, 'ni', 25.76),
	(153, 'pb', 66.0),
	(153, 'zn', 99.2),
	(154, 'cd', 0.765),
	(154, 'co', 13.84),
	(154, 'cr', 29.72),
	(154, 'cu', 42.0),
	(154, 'ni', 20.96),
	(154, 'pb', 70.8),
	(154, 'zn', 90.8),
	(155, 'cd', 0.735),
	(155, 'co', 12.72),
	(155, 'cr', 39.0),
	(155, 'cu', 17.68),
	(155, 'ni', 23.24),
	(155, 'pb', 39.2),
	(155, 'zn', 79.04),
	(156, 'cd', 1.445),
	(156, 'co', 12.4),
	(156, 'cr', 43.52),
	(156, 'cu', 42.92),
	(156, 'ni', 34.4),
	(156, 'pb', 78.4),
	(156, 'zn', 104.4),
	(157, 'cd', 2.234),
	(157, 'co', 13.48),
	(157, 'cr', 45.2),
	(157, 'cu', 12.52),
	(157, 'ni', 29.68),
	(157, 'pb', 48.4),
	(157, 'zn', 64.0),
	(158, 'cd', 0.225),
	(158, 'co', 4.24),
	(158, 'cr', 24.88),
	(158, 'cu', 27.72),
	(158, 'ni', 10.12),
	(158, 'pb', 55.6),
	(158, 'zn', 56.0),
	(159, 'cd', 0.74),
	(159, 'co', 4.36),
	(159, 'cr', 20.4),
	(159, 'cu', 25.52),
	(159, 'ni', 8.68),
	(159, 'pb', 60.8),
	(159, 'zn', 62.4),
	(160, 'cd', 1.915),
	(160, 'co', 8.44),
	(160, 'cr', 42.32),
	(160, 'cu', 19.32),
	(160, 'ni', 20.64),
	(160, 'pb', 45.72),
	(160, 'zn', 90.24),
	(161, 'cd', 3.421),
	(161, 'co', 9.8),
	(161, 'cr', 52.4),
	(161, 'cu', 14.8),
	(161, 'ni', 20.44),
	(161, 'pb', 34.32),
	(161, 'zn', 134.4),
	(162, 'cd', 1.835),
	(162, 'co', 5.88),
	(162, 'cr', 35.08),
	(162, 'cu', 10.88),
	(162, 'ni', 21.44),
	(162, 'pb', 56.68),
	(162, 'zn', 97.48),
	(163, 'cd', 1.77),
	(163, 'co', 17.32),
	(163, 'cr', 37.72),
	(163, 'cu', 18.92),
	(163, 'ni', 27.0),
	(163, 'pb', 48.8),
	(163, 'zn', 89.2),
	(164, 'cd', 3.995),
	(164, 'co', 8.64),
	(164, 'cr', 49.72),
	(164, 'cu', 15.92),
	(164, 'ni', 22.0),
	(164, 'pb', 45.16),
	(164, 'zn', 118.24),
	(165, 'cd', 0.26),
	(165, 'co', 3.48),
	(165, 'cr', 16.24),
	(165, 'cu', 9.24),
	(165, 'ni', 4.76),
	(165, 'pb', 27.0),
	(165, 'zn', 27.2),
	(166, 'cd', 0.44),
	(166, 'co', 6.0),
	(166, 'cr', 29.28),
	(166, 'cu', 11.28),
	(166, 'ni', 16.68),
	(166, 'pb', 56.4),
	(166, 'zn', 54.8),
	(167, 'cd', 1.015),
	(167, 'co', 9.28),
	(167, 'cr', 44.0),
	(167, 'cu', 7.36),
	(167, 'ni', 19.28),
	(167, 'pb', 34.0),
	(167, 'zn', 70.4),
	(168, 'cd', 0.485),
	(168, 'co', 9.0),
	(168, 'cr', 27.32),
	(168, 'cu', 6.6),
	(168, 'ni', 20.92),
	(168, 'pb', 32.44),
	(168, 'zn', 57.96),
	(169, 'cd', 2.828),
	(169, 'co', 11.16),
	(169, 'cr', 32.64),
	(169, 'cu', 79.2),
	(169, 'ni', 24.96),
	(169, 'pb', 135.2),
	(169, 'zn', 132.8),
	(170, 'cd', 1.38),
	(170, 'co', 8.16),
	(170, 'cr', 26.92),
	(170, 'cu', 6.44),
	(170, 'ni', 17.12),
	(170, 'pb', 45.6),
	(170, 'zn', 55.2),
	(171, 'cd', 1.66),
	(171, 'co', 10.12),
	(171, 'cr', 42.92),
	(171, 'cu', 24.6),
	(171, 'ni', 29.32),
	(171, 'pb', 57.28),
	(171, 'zn', 123.32),
	(172, 'cd', 0.685),
	(172, 'co', 7.08),
	(172, 'cr', 33.76),
	(172, 'cu', 11.36),
	(172, 'ni', 16.32),
	(172, 'pb', 23.68),
	(172, 'zn', 53.6),
	(173, 'cd', 0.93),
	(173, 'co', 9.56),
	(173, 'cr', 37.4),
	(173, 'cu', 6.772),
	(173, 'ni', 23.12),
	(173, 'pb', 51.2),
	(173, 'zn', 56.4),
	(174, 'cd', 5.129),
	(174, 'co', 8.6),
	(174, 'cr', 39.24),
	(174, 'cu', 14.76),
	(174, 'ni', 18.28),
	(174, 'pb', 36.8),
	(174, 'zn', 135.6),
	(175, 'cd', 0.725),
	(175, 'co', 10.32),
	(175, 'cr', 26.32),
	(175, 'cu', 17.0),
	(175, 'ni', 12.72),
	(175, 'pb', 34.08),
	(175, 'zn', 56.72),
	(176, 'cd', 0.74),
	(176, 'co', 4.52),
	(176, 'cr', 35.92),
	(176, 'cu', 96.0),
	(176, 'ni', 17.2),
	(176, 'pb', 59.2),
	(176, 'zn', 83.2),
	(177, 'cd', 0.99),
	(177, 'co', 15.12),
	(177, 'cr', 32.8),
	(177, 'cu', 14.5),
	(177, 'ni', 22.92),
	(177, 'pb', 36.24),
	(177, 'zn', 65.6),
	(178, 'cd', 0.195),
	(178, 'co', 3.92),
	(178, 'cr', 21.8),
	(178, 'cu', 25.12),
	(178, 'ni', 7.52),
	(178, 'pb', 49.6),
	(178, 'zn', 43.2),
	(179, 'cd', 1.34),
	(179, 'co', 14.32),
	(179, 'cr', 35.0),
	(179, 'cu', 25.3),
	(179, 'ni', 23.12),
	(179, 'pb', 44.4),
	(179, 'zn', 81.2),
	(180, 'cd', 1.24),
	(180, 'co', 14.2),
	(180, 'cr', 43.6),
	(180, 'cu', 18.32),
	(180, 'ni', 22.52),
	(180, 'pb', 52.0),
	(180, 'zn', 83.2),
	(181, 'cd', 1.84),
	(181, 'co', 10.8),
	(181, 'cr', 39.52),
	(181, 'cu', 33.32),
	(181, 'ni', 35.28),
	(181, 'pb', 44.4),
	(181, 'zn', 86.0),
	(182, 'cd', 0.91),
	(182, 'co', 13.24),
	(182, 'cr', 32.84),
	(182, 'cu', 21.2),
	(182, 'ni', 18.0),
	(182, 'pb', 64.8),
	(182, 'zn', 75.2),
	(183, 'cd', 1.27),
	(183, 'co', 9.16),
	(183, 'cr', 52.8),
	(183, 'cu', 19.12),
	(183, 'ni', 19.44),
	(183, 'pb', 65.2),
	(183, 'zn', 65.2),
	(184, 'cd', 1.48),
	(184, 'co', 9.12),
	(184, 'cr', 58.8),
	(184, 'cu', 106.8),
	(184, 'ni', 26.16),
	(184, 'pb', 226.4),
	(184, 'zn', 140.4),
	(185, 'cd', 1.245),
	(185, 'co', 7.84),
	(185, 'cr', 47.2),
	(185, 'cu', 22.64),
	(185, 'ni', 21.96),
	(185, 'pb', 64.4),
	(185, 'zn', 71.2),
	(186, 'cd', 1.385),
	(186, 'co', 6.44),
	(186, 'cr', 42.8),
	(186, 'cu', 120.8),
	(186, 'ni', 19.64),
	(186, 'pb', 66.4),
	(186, 'zn', 94.8),
	(187, 'cd', 1.72),
	(187, 'co', 7.24),
	(187, 'cr', 54.8),
	(187, 'cu', 16.4),
	(187, 'ni', 16.52),
	(187, 'pb', 52.4),
	(187, 'zn', 75.6),
	(188, 'cd', 0.525),
	(188, 'co', 3.88),
	(188, 'cr', 20.84),
	(188, 'cu', 26.28),
	(188, 'ni', 8.36),
	(188, 'pb', 46.4),
	(188, 'zn', 49.6),
	(189, 'cd', 0.69),
	(189, 'co', 4.24),
	(189, 'cr', 23.48),
	(189, 'cu', 17.04),
	(189, 'ni', 9.04),
	(189, 'pb', 52.4),
	(189, 'zn', 45.6),
	(190, 'cd', 3.53),
	(190, 'co', 10.08),
	(190, 'cr', 52.8),
	(190, 'cu', 66.0),
	(190, 'ni', 24.44),
	(190, 'pb', 118.0),
	(190, 'zn', 124.8),
	(191, 'cd', 0.93),
	(191, 'co', 10.56),
	(191, 'cr', 39.04),
	(191, 'cu', 9.0),
	(191, 'ni', 20.24),
	(191, 'pb', 38.12),
	(191, 'zn', 69.2),
	(192, 'cd', 1.165),
	(192, 'co', 10.72),
	(192, 'cr', 43.6),
	(192, 'cu', 8.64),
	(192, 'ni', 24.0),
	(192, 'pb', 38.32),
	(192, 'zn', 59.6),
	(193, 'cd', 3.81),
	(193, 'co', 10.12),
	(193, 'cr', 60.8),
	(193, 'cu', 17.92),
	(193, 'ni', 27.08),
	(193, 'pb', 64.8),
	(193, 'zn', 102.0),
	(194, 'cd', 0.135),
	(194, 'co', 4.52),
	(194, 'cr', 15.08),
	(194, 'cu', 10.44),
	(194, 'ni', 5.24),
	(194, 'pb', 37.0),
	(194, 'zn', 32.56),
	(195, 'cd', 0.215),
	(195, 'co', 3.88),
	(195, 'cr', 23.0),
	(195, 'cu', 23.44),
	(195, 'ni', 8.16),
	(195, 'pb', 46.8),
	(195, 'zn', 44.0),
	(196, 'cd', 1.775),
	(196, 'co', 12.96),
	(196, 'cr', 38.72),
	(196, 'cu', 29.76),
	(196, 'ni', 22.36),
	(196, 'pb', 54.8),
	(196, 'zn', 91.6),
	(197, 'cd', 0.585),
	(197, 'co', 11.6),
	(197, 'cr', 31.68),
	(197, 'cu', 24.36),
	(197, 'ni', 15.96),
	(197, 'pb', 50.0),
	(197, 'zn', 76.8),
	(198, 'cd', 1.563),
	(198, 'co', 10.4),
	(198, 'cr', 45.2),
	(198, 'cu', 26.72),
	(198, 'ni', 28.72),
	(198, 'pb', 52.4),
	(198, 'zn', 104.0),
	(199, 'cd', 0.275),
	(199, 'co', 4.32),
	(199, 'cr', 15.4),
	(199, 'cu', 8.24),
	(199, 'ni', 4.2),
	(199, 'pb', 32.56),
	(199, 'zn', 37.88),
	(200, 'cd', 2.505),
	(200, 'co', 10.2),
	(200, 'cr', 48.4),
	(200, 'cu', 12.16),
	(200, 'ni', 31.04),
	(200, 'pb', 65.2),
	(200, 'zn', 78.4),
	(201, 'cd', 1.385),
	(201, 'co', 9.68),
	(201, 'cr', 39.72),
	(201, 'cu', 58.72),
	(201, 'ni', 22.6),
	(201, 'pb', 116.48),
	(201, 'zn', 123.0),
	(202, 'cd', 1.79),
	(202, 'co', 10.44),
	(202, 'cr', 41.84),
	(202, 'cu', 19.92),
	(202, 'ni', 25.64),
	(202, 'pb', 62.36),
	(202, 'zn', 80.32),
	(203, 'cd', 2.115),
	(203, 'co', 13.16),
	(203, 'cr', 43.08),
	(203, 'cu', 61.32),
	(203, 'ni', 53.2),
	(203, 'pb', 172.12),
	(203, 'zn', 133.88),
	(204, 'cd', 1.63),
	(204, 'co', 13.56),
	(204, 'cr', 51.36),
	(204, 'cu', 18.08),
	(204, 'ni', 42.92),
	(204, 'pb', 63.16),
	(204, 'zn', 77.4),
	(205, 'cd', 2.7),
	(205, 'co', 6.52),
	(205, 'cr', 32.76),
	(205, 'cu', 15.56),
	(205, 'ni', 15.0),
	(205, 'pb', 38.28),
	(205, 'zn', 99.6),
	(206, 'cd', 4.495),
	(206, 'co', 10.32),
	(206, 'cr', 39.16),
	(206, 'cu', 10.24),
	(206, 'ni', 22.64),
	(206, 'pb', 32.92),
	(206, 'zn', 101.68),
	(207, 'cd', 0.765),
	(207, 'co', 7.68),
	(207, 'cr', 18.52),
	(207, 'cu', 37.6),
	(207, 'ni', 11.28),
	(207, 'pb', 68.4),
	(207, 'zn', 86.2),
	(208, 'cd', 0.4),
	(208, 'co', 11.16),
	(208, 'cr', 21.64),
	(208, 'cu', 9.6),
	(208, 'ni', 13.36),
	(208, 'pb', 32.76),
	(208, 'zn', 44.0),
	(209, 'cd', 0.32),
	(209, 'co', 5.6),
	(209, 'cr', 18.52),
	(209, 'cu', 12.92),
	(209, 'ni', 7.2),
	(209, 'pb', 40.2),
	(209, 'zn', 43.72),
	(210, 'cd', 0.655),
	(210, 'co', 5.0),
	(210, 'cr', 16.56),
	(210, 'cu', 17.2),
	(210, 'ni', 8.24),
	(210, 'pb', 41.88),
	(210, 'zn', 51.24),
	(211, 'cd', 1.11),
	(211, 'co', 14.6),
	(211, 'cr', 39.28),
	(211, 'cu', 10.28),
	(211, 'ni', 24.44),
	(211, 'pb', 47.8),
	(211, 'zn', 71.12),
	(212, 'cd', 0.77),
	(212, 'co', 12.28),
	(212, 'cr', 43.48),
	(212, 'cu', 16.0),
	(212, 'ni', 23.88),
	(212, 'pb', 44.4),
	(212, 'zn', 62.28),
	(213, 'cd', 1.205),
	(213, 'co', 13.8),
	(213, 'cr', 46.84),
	(213, 'cu', 11.36),
	(213, 'ni', 27.44),
	(213, 'pb', 41.04),
	(213, 'zn', 85.52),
	(214, 'cd', 1.555),
	(214, 'co', 8.84),
	(214, 'cr', 40.16),
	(214, 'cu', 15.4),
	(214, 'ni', 23.92),
	(214, 'pb', 51.24),
	(214, 'zn', 77.56),
	(215, 'cd', 0.575),
	(215, 'co', 9.68),
	(215, 'cr', 27.12),
	(215, 'cu', 31.8),
	(215, 'ni', 13.2),
	(215, 'pb', 54.28),
	(215, 'zn', 66.92),
	(216, 'cd', 0.525),
	(216, 'co', 12.52),
	(216, 'cr', 26.12),
	(216, 'cu', 79.2),
	(216, 'ni', 18.0),
	(216, 'pb', 138.56),
	(216, 'zn', 91.48),
	(217, 'cd', 0.705),
	(217, 'co', 12.52),
	(217, 'cr', 28.72),
	(217, 'cu', 48.72),
	(217, 'ni', 17.6),
	(217, 'pb', 86.68),
	(217, 'zn', 96.6),
	(218, 'cd', 0.99),
	(218, 'co', 8.8),
	(218, 'cr', 38.72),
	(218, 'cu', 9.28),
	(218, 'ni', 15.72),
	(218, 'pb', 38.0),
	(218, 'zn', 60.12),
	(219, 'cd', 1.655),
	(219, 'co', 8.96),
	(219, 'cr', 50.6),
	(219, 'cu', 31.52),
	(219, 'ni', 17.32),
	(219, 'pb', 90.36),
	(219, 'zn', 81.6),
	(220, 'cd', 0.515),
	(220, 'co', 4.08),
	(220, 'cr', 30.12),
	(220, 'cu', 13.12),
	(220, 'ni', 8.2),
	(220, 'pb', 26.96),
	(220, 'zn', 43.2),
	(221, 'cd', 0.35),
	(221, 'co', 3.272),
	(221, 'cr', 26.32),
	(221, 'cu', 11.6),
	(221, 'ni', 4.92),
	(221, 'pb', 27.68),
	(221, 'zn', 37.16),
	(222, 'cd', 0.23),
	(222, 'co', 3.792),
	(222, 'cr', 18.2),
	(222, 'cu', 8.72),
	(222, 'ni', 5.68),
	(222, 'pb', 26.84),
	(222, 'zn', 32.08),
	(223, 'cd', 0.305),
	(223, 'co', 3.72),
	(223, 'cr', 18.0),
	(223, 'cu', 17.12),
	(223, 'ni', 5.6),
	(223, 'pb', 48.4),
	(223, 'zn', 44.8),
	(224, 'cd', 1.535),
	(224, 'co', 15.2),
	(224, 'cr', 40.72),
	(224, 'cu', 29.6),
	(224, 'ni', 32.4),
	(224, 'pb', 56.8),
	(224, 'zn', 85.6),
	(225, 'cd', 1.53),
	(225, 'co', 17.72),
	(225, 'cr', 39.52),
	(225, 'cu', 17.72),
	(225, 'ni', 26.4),
	(225, 'pb', 47.6),
	(225, 'zn', 80.8),
	(226, 'cd', 0.3),
	(226, 'co', 4.24),
	(226, 'cr', 17.32),
	(226, 'cu', 13.4),
	(226, 'ni', 6.32),
	(226, 'pb', 37.76),
	(226, 'zn', 27.12),
	(227, 'cd', 0.425),
	(227, 'co', 5.08),
	(227, 'cr', 22.72),
	(227, 'cu', 4.68),
	(227, 'ni', 8.0),
	(227, 'pb', 22.56),
	(227, 'zn', 31.48),
	(228, 'cd', 0.36),
	(228, 'co', 6.68),
	(228, 'cr', 26.12),
	(228, 'cu', 4.44),
	(228, 'ni', 11.8),
	(228, 'pb', 18.96),
	(228, 'zn', 28.92),
	(229, 'cd', 1.06),
	(229, 'co', 17.32),
	(229, 'cr', 36.0),
	(229, 'cu', 28.0),
	(229, 'ni', 23.92),
	(229, 'pb', 50.0),
	(229, 'zn', 78.4),
	(230, 'cd', 0.9),
	(230, 'co', 9.52),
	(230, 'cr', 38.72),
	(230, 'cu', 49.0),
	(230, 'ni', 26.2),
	(230, 'pb', 70.4),
	(230, 'zn', 94.8),
	(231, 'cd', 1.61),
	(231, 'co', 5.0),
	(231, 'cr', 19.4),
	(231, 'cu', 9.44),
	(231, 'ni', 8.76),
	(231, 'pb', 42.8),
	(231, 'zn', 31.16),
	(232, 'cd', 0.95),
	(232, 'co', 12.0),
	(232, 'cr', 29.2),
	(232, 'cu', 19.6),
	(232, 'ni', 18.72),
	(232, 'pb', 37.88),
	(232, 'zn', 61.2),
	(233, 'cd', 0.82),
	(233, 'co', 10.32),
	(233, 'cr', 29.8),
	(233, 'cu', 32.1),
	(233, 'ni', 16.72),
	(233, 'pb', 63.2),
	(233, 'zn', 67.6),
	(234, 'cd', 0.86),
	(234, 'co', 12.12),
	(234, 'cr', 28.4),
	(234, 'cu', 12.7),
	(234, 'ni', 20.12),
	(234, 'pb', 37.08),
	(234, 'zn', 61.6),
	(235, 'cd', 1.835),
	(235, 'co', 13.32),
	(235, 'cr', 47.4),
	(235, 'cu', 45.92),
	(235, 'ni', 24.0),
	(235, 'pb', 80.4),
	(235, 'zn', 90.0),
	(236, 'cd', 0.22),
	(236, 'co', 10.8),
	(236, 'cr', 26.32),
	(236, 'cu', 6.672),
	(236, 'ni', 17.52),
	(236, 'pb', 31.88),
	(236, 'zn', 45.2),
	(237, 'cd', 1.095),
	(237, 'co', 12.12),
	(237, 'cr', 41.32),
	(237, 'cu', 6.2),
	(237, 'ni', 28.8),
	(237, 'pb', 46.8),
	(237, 'zn', 56.8),
	(238, 'cd', 0.995),
	(238, 'co', 9.68),
	(238, 'cr', 32.8),
	(238, 'cu', 5.38),
	(238, 'ni', 19.12),
	(238, 'pb', 51.2),
	(238, 'zn', 54.0),
	(239, 'cd', 0.96),
	(239, 'co', 11.72),
	(239, 'cr', 35.2),
	(239, 'cu', 16.4),
	(239, 'ni', 21.92),
	(239, 'pb', 30.76),
	(239, 'zn', 64.8),
	(240, 'cd', 1.4),
	(240, 'co', 10.72),
	(240, 'cr', 38.64),
	(240, 'cu', 15.24),
	(240, 'ni', 26.4),
	(240, 'pb', 38.4),
	(240, 'zn', 70.8),
	(241, 'cd', 0.69),
	(241, 'co', 11.96),
	(241, 'cr', 35.64),
	(241, 'cu', 16.44),
	(241, 'ni', 23.68),
	(241, 'pb', 34.12),
	(241, 'zn', 66.4),
	(242, 'cd', 0.72),
	(242, 'co', 8.8),
	(242, 'cr', 34.08),
	(242, 'cu', 11.4),
	(242, 'ni', 26.72),
	(242, 'pb', 32.68),
	(242, 'zn', 63.2),
	(243, 'cd', 2.26),
	(243, 'co', 5.88),
	(243, 'cr', 36.44),
	(243, 'cu', 12.64),
	(243, 'ni', 21.52),
	(243, 'pb', 36.28),
	(243, 'zn', 77.6),
	(244, 'cd', 1.13),
	(244, 'co', 4.32),
	(244, 'cr', 20.32),
	(244, 'cu', 5.92),
	(244, 'ni', 13.2),
	(244, 'pb', 21.6),
	(244, 'zn', 32.84),
	(245, 'cd', 0.645),
	(245, 'co', 3.124),
	(245, 'cr', 22.68),
	(245, 'cu', 8.4),
	(245, 'ni', 8.88),
	(245, 'pb', 28.56),
	(245, 'zn', 42.4),
	(246, 'cd', 0.63),
	(246, 'co', 3.668),
	(246, 'cr', 23.96),
	(246, 'cu', 7.24),
	(246, 'ni', 9.36),
	(246, 'pb', 26.0),
	(246, 'zn', 36.64),
	(247, 'cd', 0.86),
	(247, 'co', 9.76),
	(247, 'cr', 28.4),
	(247, 'cu', 12.8),
	(247, 'ni', 17.48),
	(247, 'pb', 28.6),
	(247, 'zn', 58.8),
	(248, 'cd', 1.645),
	(248, 'co', 8.08),
	(248, 'cr', 46.4),
	(248, 'cu', 35.6),
	(248, 'ni', 20.32),
	(248, 'pb', 67.6),
	(248, 'zn', 90.4),
	(249, 'cd', 3.149),
	(249, 'co', 10.72),
	(249, 'cr', 51.2),
	(249, 'cu', 8.24),
	(249, 'ni', 27.72),
	(249, 'pb', 56.0),
	(249, 'zn', 98.0),
	(250, 'cd', 0.552),
	(250, 'co', 14.32),
	(250, 'cr', 29.0),
	(250, 'cu', 50.0),
	(250, 'ni', 20.12),
	(250, 'pb', 91.2),
	(250, 'zn', 79.2),
	(251, 'cd', 1.568),
	(251, 'co', 13.56),
	(251, 'cr', 30.36),
	(251, 'cu', 18.4),
	(251, 'ni', 22.28),
	(251, 'pb', 43.6),
	(251, 'zn', 71.6),
	(252, 'cd', 0.855),
	(252, 'co', 14.24),
	(252, 'cr', 29.2),
	(252, 'cu', 11.4),
	(252, 'ni', 21.0),
	(252, 'pb', 29.68),
	(252, 'zn', 59.6),
	(253, 'cd', 0.733),
	(253, 'co', 11.8),
	(253, 'cr', 26.0),
	(253, 'cu', 39.2),
	(253, 'ni', 22.24),
	(253, 'pb', 65.6),
	(253, 'zn', 74.0),
	(254, 'cd', 2.08),
	(254, 'co', 11.92),
	(254, 'cr', 31.68),
	(254, 'cu', 71.6),
	(254, 'ni', 28.64),
	(254, 'pb', 52.8),
	(254, 'zn', 110.8),
	(255, 'cd', 0.844),
	(255, 'co', 13.88),
	(255, 'cr', 37.12),
	(255, 'cu', 21.04),
	(255, 'ni', 26.48),
	(255, 'pb', 34.68),
	(255, 'zn', 90.0),
	(256, 'cd', 0.49),
	(256, 'co', 7.44),
	(256, 'cr', 34.52),
	(256, 'cu', 4.64),
	(256, 'ni', 16.76),
	(256, 'pb', 31.64),
	(256, 'zn', 56.8),
	(257, 'cd', 1.916),
	(257, 'co', 14.36),
	(257, 'cr', 47.6),
	(257, 'cu', 45.6),
	(257, 'ni', 28.44),
	(257, 'pb', 50.0),
	(257, 'zn', 90.8),
	(258, 'cd', 1.384),
	(258, 'co', 12.68),
	(258, 'cr', 30.76),
	(258, 'cu', 7.48),
	(258, 'ni', 20.72),
	(258, 'pb', 48.0),
	(258, 'zn', 46.8),
	(259, 'cd', 0.849),
	(259, 'co', 9.04),
	(259, 'cr', 29.48),
	(259, 'cu', 18.4),
	(259, 'ni', 17.56),
	(259, 'pb', 35.0),
	(259, 'zn', 58.0),
	(260, 'cd', 1.57),
	(260, 'co', 8.28),
	(260, 'cr', 37.12),
	(260, 'cu', 18.6),
	(260, 'ni', 18.6),
	(260, 'pb', 38.2),
	(260, 'zn', 65.2),
	(261, 'cd', 2.045),
	(261, 'co', 10.8),
	(261, 'cr', 40.8),
	(261, 'cu', 11.48),
	(261, 'ni', 21.52),
	(261, 'pb', 33.36),
	(261, 'zn', 112.8),
	(262, 'cd', 1.203),
	(262, 'co', 12.0),
	(262, 'cr', 53.2),
	(262, 'cu', 13.04),
	(262, 'ni', 23.92),
	(262, 'pb', 26.56),
	(262, 'zn', 91.6),
	(263, 'cd', 0.49),
	(263, 'co', 10.92),
	(263, 'cr', 23.4),
	(263, 'cu', 5.64),
	(263, 'ni', 14.6),
	(263, 'pb', 25.88),
	(263, 'zn', 41.2),
	(264, 'cd', 0.692),
	(264, 'co', 8.12),
	(264, 'cr', 27.16),
	(264, 'cu', 10.32),
	(264, 'ni', 14.64),
	(264, 'pb', 31.16),
	(264, 'zn', 50.4),
	(265, 'cd', 1.75),
	(265, 'co', 9.12),
	(265, 'cr', 35.48),
	(265, 'cu', 8.36),
	(265, 'ni', 26.4),
	(265, 'pb', 37.72),
	(265, 'zn', 63.2),
	(266, 'cd', 0.415),
	(266, 'co', 9.12),
	(266, 'cr', 30.32),
	(266, 'cu', 4.44),
	(266, 'ni', 24.24),
	(266, 'pb', 41.0),
	(266, 'zn', 53.16),
	(267, 'cd', 0.685),
	(267, 'co', 11.72),
	(267, 'cr', 31.92),
	(267, 'cu', 10.92),
	(267, 'ni', 13.12),
	(267, 'pb', 30.84),
	(267, 'zn', 49.28),
	(268, 'cd', 0.92),
	(268, 'co', 10.56),
	(268, 'cr', 49.04),
	(268, 'cu', 30.28),
	(268, 'ni', 31.52),
	(268, 'pb', 68.12),
	(268, 'zn', 102.72),
	(269, 'cd', 2.12),
	(269, 'co', 6.36),
	(269, 'cr', 23.0),
	(269, 'cu', 7.352),
	(269, 'ni', 14.52),
	(269, 'pb', 54.4),
	(269, 'zn', 72.4),
	(270, 'cd', 0.495),
	(270, 'co', 8.52),
	(270, 'cr', 31.4),
	(270, 'cu', 17.08),
	(270, 'ni', 16.12),
	(270, 'pb', 46.8),
	(270, 'zn', 57.6),
	(271, 'cd', 1.06),
	(271, 'co', 14.44),
	(271, 'cr', 37.28),
	(271, 'cu', 18.88),
	(271, 'ni', 25.24),
	(271, 'pb', 55.2),
	(271, 'zn', 76.4),
	(272, 'cd', 0.79),
	(272, 'co', 5.2),
	(272, 'cr', 33.12),
	(272, 'cu', 3.98),
	(272, 'ni', 14.92),
	(272, 'pb', 35.28),
	(272, 'zn', 32.6),
	(273, 'cd', 0.772),
	(273, 'co', 10.84),
	(273, 'cr', 39.04),
	(273, 'cu', 8.16),
	(273, 'ni', 24.24),
	(273, 'pb', 30.16),
	(273, 'zn', 56.8),
	(274, 'cd', 1.188),
	(274, 'co', 9.68),
	(274, 'cr', 37.44),
	(274, 'cu', 31.36),
	(274, 'ni', 22.36),
	(274, 'pb', 72.4),
	(274, 'zn', 108.4),
	(275, 'cd', 1.615),
	(275, 'co', 11.96),
	(275, 'cr', 34.56),
	(275, 'cu', 91.2),
	(275, 'ni', 30.2),
	(275, 'pb', 108.8),
	(275, 'zn', 156.8),
	(276, 'cd', 3.023),
	(276, 'co', 12.76),
	(276, 'cr', 40.8),
	(276, 'cu', 19.72),
	(276, 'ni', 25.36),
	(276, 'pb', 45.6),
	(276, 'zn', 105.2),
	(277, 'cd', 2.315),
	(277, 'co', 9.92),
	(277, 'cr', 56.2),
	(277, 'cu', 113.12),
	(277, 'ni', 25.4),
	(277, 'pb', 144.36),
	(277, 'zn', 147.4),
	(278, 'cd', 2.65),
	(278, 'co', 8.84),
	(278, 'cr', 25.72),
	(278, 'cu', 12.3),
	(278, 'ni', 18.92),
	(278, 'pb', 54.4),
	(278, 'zn', 58.4),
	(279, 'cd', 3.78),
	(279, 'co', 9.68),
	(279, 'cr', 42.8),
	(279, 'cu', 32.76),
	(279, 'ni', 23.52),
	(279, 'pb', 94.4),
	(279, 'zn', 175.2),
	(280, 'cd', 1.805),
	(280, 'co', 12.6),
	(280, 'cr', 38.0),
	(280, 'cu', 55.6),
	(280, 'ni', 23.12),
	(280, 'pb', 142.0),
	(280, 'zn', 124.8),
	(281, 'cd', 1.58),
	(281, 'co', 5.8),
	(281, 'cr', 40.4),
	(281, 'cu', 56.4),
	(281, 'ni', 22.52),
	(281, 'pb', 93.6),
	(281, 'zn', 108.8),
	(282, 'cd', 1.93),
	(282, 'co', 13.8),
	(282, 'cr', 45.0),
	(282, 'cu', 19.3),
	(282, 'ni', 35.72),
	(282, 'pb', 46.4),
	(282, 'zn', 90.0),
	(283, 'cd', 0.415),
	(283, 'co', 2.36),
	(283, 'cr', 20.12),
	(283, 'cu', 18.32),
	(283, 'ni', 6.28),
	(283, 'pb', 31.92),
	(283, 'zn', 40.72),
	(284, 'cd', 0.675),
	(284, 'co', 6.56),
	(284, 'cr', 26.0),
	(284, 'cu', 9.24),
	(284, 'ni', 11.64),
	(284, 'pb', 27.24),
	(284, 'zn', 50.0),
	(285, 'cd', 0.745),
	(285, 'co', 3.948),
	(285, 'cr', 26.56),
	(285, 'cu', 8.52),
	(285, 'ni', 15.4),
	(285, 'pb', 30.28),
	(285, 'zn', 52.4),
	(286, 'cd', 1.42),
	(286, 'co', 11.12),
	(286, 'cr', 27.52),
	(286, 'cu', 18.8),
	(286, 'ni', 20.6),
	(286, 'pb', 36.48),
	(286, 'zn', 63.2),
	(287, 'cd', 1.425),
	(287, 'co', 15.24),
	(287, 'cr', 49.2),
	(287, 'cu', 13.32),
	(287, 'ni', 25.56),
	(287, 'pb', 53.6),
	(287, 'zn', 108.8),
	(288, 'cd', 1.31),
	(288, 'co', 12.72),
	(288, 'cr', 34.8),
	(288, 'cu', 17.7),
	(288, 'ni', 19.6),
	(288, 'pb', 48.4),
	(288, 'zn', 80.4),
	(289, 'cd', 1.765),
	(289, 'co', 10.32),
	(289, 'cr', 40.52),
	(289, 'cu', 127.0),
	(289, 'ni', 30.8),
	(289, 'pb', 300.0),
	(289, 'zn', 192.0),
	(290, 'cd', 0.647),
	(290, 'co', 8.72),
	(290, 'cr', 31.12),
	(290, 'cu', 9.76),
	(290, 'ni', 13.88),
	(290, 'pb', 21.76),
	(290, 'zn', 60.8),
	(291, 'cd', 1.81),
	(291, 'co', 13.2),
	(291, 'cr', 44.12),
	(291, 'cu', 17.9),
	(291, 'ni', 29.6),
	(291, 'pb', 48.8),
	(291, 'zn', 92.8),
	(292, 'cd', 0.394),
	(292, 'co', 4.44),
	(292, 'cr', 21.64),
	(292, 'cu', 39.56),
	(292, 'ni', 8.92),
	(292, 'pb', 105.6),
	(292, 'zn', 72.4),
	(293, 'cd', 1.6),
	(293, 'co', 10.92),
	(293, 'cr', 37.72),
	(293, 'cu', 20.6),
	(293, 'ni', 25.32),
	(293, 'pb', 35.72),
	(293, 'zn', 92.64),
	(294, 'cd', 1.675),
	(294, 'co', 14.4),
	(294, 'cr', 46.28),
	(294, 'cu', 22.92),
	(294, 'ni', 43.68),
	(294, 'pb', 61.44),
	(294, 'zn', 111.08),
	(295, 'cd', 1.28),
	(295, 'co', 6.36),
	(295, 'cr', 31.0),
	(295, 'cu', 13.04),
	(295, 'ni', 18.6),
	(295, 'pb', 43.6),
	(295, 'zn', 65.2),
	(296, 'cd', 0.87),
	(296, 'co', 12.8),
	(296, 'cr', 33.52),
	(296, 'cu', 16.5),
	(296, 'ni', 22.52),
	(296, 'pb', 35.32),
	(296, 'zn', 78.4),
	(297, 'cd', 0.8),
	(297, 'co', 12.4),
	(297, 'cr', 49.2),
	(297, 'cu', 7.68),
	(297, 'ni', 27.16),
	(297, 'pb', 48.4),
	(297, 'zn', 60.4),
	(298, 'cd', 0.475),
	(298, 'co', 3.96),
	(298, 'cr', 22.16),
	(298, 'cu', 22.68),
	(298, 'ni', 7.92),
	(298, 'pb', 55.2),
	(298, 'zn', 46.8),
	(299, 'cd', 0.855),
	(299, 'co', 12.4),
	(299, 'cr', 32.92),
	(299, 'cu', 25.5),
	(299, 'ni', 22.32),
	(299, 'pb', 51.6),
	(299, 'zn', 80.4),
	(300, 'cd', 1.34),
	(300, 'co', 9.32),
	(300, 'cr', 28.48),
	(300, 'cu', 10.32),
	(300, 'ni', 23.28),
	(300, 'pb', 41.2),
	(300, 'zn', 58.0),
	(301, 'cd', 1.805),
	(301, 'co', 6.12),
	(301, 'cr', 24.8),
	(301, 'cu', 28.92),
	(301, 'ni', 11.24),
	(301, 'pb', 74.36),
	(301, 'zn', 111.32),
	(302, 'cd', 0.825),
	(302, 'co', 15.32),
	(302, 'cr', 36.52),
	(302, 'cu', 31.2),
	(302, 'ni', 25.36),
	(302, 'pb', 70.4),
	(302, 'zn', 75.44),
	(303, 'cd', 0.545),
	(303, 'co', 4.24),
	(303, 'cr', 21.8),
	(303, 'cu', 33.08),
	(303, 'ni', 8.88),
	(303, 'pb', 58.0),
	(303, 'zn', 47.2),
	(304, 'cd', 1.78),
	(304, 'co', 11.4),
	(304, 'cr', 41.0),
	(304, 'cu', 154.6),
	(304, 'ni', 24.52),
	(304, 'pb', 239.96),
	(304, 'zn', 259.84),
	(305, 'cd', 2.566),
	(305, 'co', 10.6),
	(305, 'cr', 32.84),
	(305, 'cu', 7.88),
	(305, 'ni', 23.6),
	(305, 'pb', 55.2),
	(305, 'zn', 59.2),
	(306, 'cd', 0.61),
	(306, 'co', 14.8),
	(306, 'cr', 28.52),
	(306, 'cu', 7.86),
	(306, 'ni', 19.32),
	(306, 'pb', 34.84),
	(306, 'zn', 53.2),
	(307, 'cd', 0.585),
	(307, 'co', 5.8),
	(307, 'cr', 39.88),
	(307, 'cu', 15.16),
	(307, 'ni', 13.2),
	(307, 'pb', 56.4),
	(307, 'zn', 51.2),
	(308, 'cd', 1.436),
	(308, 'co', 5.24),
	(308, 'cr', 19.44),
	(308, 'cu', 14.2),
	(308, 'ni', 9.52),
	(308, 'pb', 32.68),
	(308, 'zn', 44.8),
	(309, 'cd', 2.415),
	(309, 'co', 7.88),
	(309, 'cr', 32.72),
	(309, 'cu', 21.32),
	(309, 'ni', 18.16),
	(309, 'pb', 48.4),
	(309, 'zn', 49.2),
	(310, 'cd', 0.75),
	(310, 'co', 15.6),
	(310, 'cr', 29.76),
	(310, 'cu', 73.12),
	(310, 'ni', 20.2),
	(310, 'pb', 139.16),
	(310, 'zn', 95.68),
	(311, 'cd', 0.805),
	(311, 'co', 11.12),
	(311, 'cr', 32.0),
	(311, 'cu', 38.72),
	(311, 'ni', 19.52),
	(311, 'pb', 88.32),
	(311, 'zn', 88.16),
	(312, 'cd', 0.65),
	(312, 'co', 11.44),
	(312, 'cr', 37.08),
	(312, 'cu', 12.8),
	(312, 'ni', 19.64),
	(312, 'pb', 41.6),
	(312, 'zn', 52.0),
	(313, 'cd', 0.51),
	(313, 'co', 1.652),
	(313, 'cr', 3.32),
	(313, 'cu', 5.96),
	(313, 'ni', 1.98),
	(313, 'pb', 62.4),
	(313, 'zn', 60.4),
	(314, 'cd', 0.705),
	(314, 'co', 13.04),
	(314, 'cr', 29.84),
	(314, 'cu', 16.04),
	(314, 'ni', 17.92),
	(314, 'pb', 38.24),
	(314, 'zn', 70.4),
	(315, 'cd', 1.112),
	(315, 'co', 9.8),
	(315, 'cr', 36.56),
	(315, 'cu', 13.12),
	(315, 'ni', 19.48),
	(315, 'pb', 25.56),
	(315, 'zn', 65.6),
	(316, 'cd', 1.31),
	(316, 'co', 8.44),
	(316, 'cr', 41.6),
	(316, 'cu', 117.6),
	(316, 'ni', 20.4),
	(316, 'pb', 152.8),
	(316, 'zn', 145.2),
	(317, 'cd', 2.2),
	(317, 'co', 10.48),
	(317, 'cr', 60.4),
	(317, 'cu', 11.88),
	(317, 'ni', 30.8),
	(317, 'pb', 51.6),
	(317, 'zn', 78.4),
	(318, 'cd', 0.45),
	(318, 'co', 7.96),
	(318, 'cr', 23.2),
	(318, 'cu', 11.5),
	(318, 'ni', 9.36),
	(318, 'pb', 30.92),
	(318, 'zn', 43.2),
	(319, 'cd', 0.825),
	(319, 'co', 14.32),
	(319, 'cr', 40.8),
	(319, 'cu', 12.96),
	(319, 'ni', 22.84),
	(319, 'pb', 50.0),
	(319, 'zn', 80.4),
	(320, 'cd', 1.245),
	(320, 'co', 8.08),
	(320, 'cr', 39.56),
	(320, 'cu', 13.08),
	(320, 'ni', 18.64),
	(320, 'pb', 88.0),
	(320, 'zn', 86.8),
	(321, 'cd', 1.09),
	(321, 'co', 12.8),
	(321, 'cr', 38.72),
	(321, 'cu', 8.8),
	(321, 'ni', 18.8),
	(321, 'pb', 26.32),
	(321, 'zn', 59.2),
	(322, 'cd', 0.78),
	(322, 'co', 12.52),
	(322, 'cr', 35.52),
	(322, 'cu', 29.8),
	(322, 'ni', 24.0),
	(322, 'pb', 60.4),
	(322, 'zn', 75.6),
	(323, 'cd', 1.95),
	(323, 'co', 10.6),
	(323, 'cr', 47.0),
	(323, 'cu', 22.6),
	(323, 'ni', 36.72),
	(323, 'pb', 52.0),
	(323, 'zn', 100.0),
	(324, 'cd', 1.31),
	(324, 'co', 8.92),
	(324, 'cr', 35.04),
	(324, 'cu', 21.16),
	(324, 'ni', 20.08),
	(324, 'pb', 52.8),
	(324, 'zn', 78.8),
	(325, 'cd', 1.585),
	(325, 'co', 13.2),
	(325, 'cr', 42.0),
	(325, 'cu', 11.4),
	(325, 'ni', 33.12),
	(325, 'pb', 39.36),
	(325, 'zn', 75.64),
	(326, 'cd', 0.52),
	(326, 'co', 5.08),
	(326, 'cr', 32.68),
	(326, 'cu', 6.04),
	(326, 'ni', 15.4),
	(326, 'pb', 21.12),
	(326, 'zn', 37.52),
	(327, 'cd', 1.005),
	(327, 'co', 5.36),
	(327, 'cr', 18.12),
	(327, 'cu', 7.08),
	(327, 'ni', 8.2),
	(327, 'pb', 35.4),
	(327, 'zn', 51.6),
	(328, 'cd', 0.57),
	(328, 'co', 4.08),
	(328, 'cr', 24.88),
	(328, 'cu', 21.36),
	(328, 'ni', 9.68),
	(328, 'pb', 67.2),
	(328, 'zn', 56.8),
	(329, 'cd', 0.33),
	(329, 'co', 1.92),
	(329, 'cr', 14.92),
	(329, 'cu', 5.72),
	(329, 'ni', 4.68),
	(329, 'pb', 18.68),
	(329, 'zn', 26.8),
	(330, 'cd', 2.535),
	(330, 'co', 12.56),
	(330, 'cr', 70.0),
	(330, 'cu', 8.72),
	(330, 'ni', 26.24),
	(330, 'pb', 55.6),
	(330, 'zn', 71.6),
	(331, 'cd', 2.685),
	(331, 'co', 10.12),
	(331, 'cr', 43.52),
	(331, 'cu', 32.68),
	(331, 'ni', 27.88),
	(331, 'pb', 69.32),
	(331, 'zn', 111.76),
	(332, 'cd', 0.69),
	(332, 'co', 13.6),
	(332, 'cr', 37.6),
	(332, 'cu', 20.8),
	(332, 'ni', 28.4),
	(332, 'pb', 55.6),
	(332, 'zn', 80.4),
	(333, 'cd', 0.375),
	(333, 'co', 12.04),
	(333, 'cr', 34.08),
	(333, 'cu', 19.36),
	(333, 'ni', 16.36),
	(333, 'pb', 45.2),
	(333, 'zn', 70.0),
	(334, 'cd', 1.955),
	(334, 'co', 9.68),
	(334, 'cr', 37.88),
	(334, 'cu', 26.08),
	(334, 'ni', 20.88),
	(334, 'pb', 60.4),
	(334, 'zn', 110.8),
	(335, 'cd', 1.185),
	(335, 'co', 10.0),
	(335, 'cr', 34.2),
	(335, 'cu', 22.72),
	(335, 'ni', 27.4),
	(335, 'pb', 49.72),
	(335, 'zn', 89.88),
	(336, 'cd', 1.325),
	(336, 'co', 3.744),
	(336, 'cr', 27.64),
	(336, 'cu', 5.4),
	(336, 'ni', 14.44),
	(336, 'pb', 37.52),
	(336, 'zn', 46.4),
	(337, 'cd', 0.795),
	(337, 'co', 7.92),
	(337, 'cr', 27.4),
	(337, 'cu', 42.0),
	(337, 'ni', 13.2),
	(337, 'pb', 84.8),
	(337, 'zn', 78.8),
	(338, 'cd', 1.63),
	(338, 'co', 13.4),
	(338, 'cr', 43.6),
	(338, 'cu', 20.56),
	(338, 'ni', 37.52),
	(338, 'pb', 46.0),
	(338, 'zn', 98.4),
	(339, 'cd', 0.677),
	(339, 'co', 12.48),
	(339, 'cr', 34.52),
	(339, 'cu', 11.92),
	(339, 'ni', 23.92),
	(339, 'pb', 38.16),
	(339, 'zn', 69.2),
	(340, 'cd', 1.298),
	(340, 'co', 12.0),
	(340, 'cr', 49.6),
	(340, 'cu', 22.24),
	(340, 'ni', 26.04),
	(340, 'pb', 45.6),
	(340, 'zn', 96.4),
	(341, 'cd', 1.53),
	(341, 'co', 10.36),
	(341, 'cr', 46.4),
	(341, 'cu', 16.24),
	(341, 'ni', 29.8),
	(341, 'pb', 43.6),
	(341, 'zn', 77.2),
	(342, 'cd', 0.67),
	(342, 'co', 9.72),
	(342, 'cr', 46.8),
	(342, 'cu', 8.72),
	(342, 'ni', 23.24),
	(342, 'pb', 32.76),
	(342, 'zn', 81.6),
	(343, 'cd', 1.01),
	(343, 'co', 9.96),
	(343, 'cr', 28.68),
	(343, 'cu', 5.96),
	(343, 'ni', 17.44),
	(343, 'pb', 67.36),
	(343, 'zn', 52.48),
	(344, 'cd', 0.5),
	(344, 'co', 4.8),
	(344, 'cr', 23.12),
	(344, 'cu', 16.68),
	(344, 'ni', 9.36),
	(344, 'pb', 39.76),
	(344, 'zn', 46.4),
	(345, 'cd', 1.665),
	(345, 'co', 14.8),
	(345, 'cr', 40.28),
	(345, 'cu', 37.0),
	(345, 'ni', 30.08),
	(345, 'pb', 43.8),
	(345, 'zn', 87.84),
	(346, 'cd', 1.52),
	(346, 'co', 9.16),
	(346, 'cr', 36.2),
	(346, 'cu', 16.32),
	(346, 'ni', 24.12),
	(346, 'pb', 57.52),
	(346, 'zn', 84.4),
	(347, 'cd', 1.315),
	(347, 'co', 11.2),
	(347, 'cr', 30.92),
	(347, 'cu', 14.0),
	(347, 'ni', 24.32),
	(347, 'pb', 45.96),
	(347, 'zn', 79.08),
	(348, 'cd', 1.325),
	(348, 'co', 9.12),
	(348, 'cr', 37.32),
	(348, 'cu', 9.92),
	(348, 'ni', 24.6),
	(348, 'pb', 38.4),
	(348, 'zn', 84.08),
	(349, 'cd', 0.495),
	(349, 'co', 8.28),
	(349, 'cr', 33.0),
	(349, 'cu', 7.52),
	(349, 'ni', 20.6),
	(349, 'pb', 33.0),
	(349, 'zn', 48.8),
	(350, 'cd', 0.395),
	(350, 'co', 3.56),
	(350, 'cr', 24.0),
	(350, 'cu', 12.72),
	(350, 'ni', 5.6),
	(350, 'pb', 28.24),
	(350, 'zn', 39.64),
	(351, 'cd', 0.38),
	(351, 'co', 5.44),
	(351, 'cr', 25.52),
	(351, 'cu', 3.552),
	(351, 'ni', 11.4),
	(351, 'pb', 21.12),
	(351, 'zn', 25.0),
	(352, 'cd', 2.085),
	(352, 'co', 13.2),
	(352, 'cr', 45.92),
	(352, 'cu', 39.0),
	(352, 'ni', 26.4),
	(352, 'pb', 52.4),
	(352, 'zn', 104.0),
	(353, 'cd', 2.61),
	(353, 'co', 20.6),
	(353, 'cr', 37.2),
	(353, 'cu', 24.0),
	(353, 'ni', 29.4),
	(353, 'pb', 47.2),
	(353, 'zn', 86.4),
	(354, 'cd', 0.845),
	(354, 'co', 9.68),
	(354, 'cr', 29.92),
	(354, 'cu', 10.28),
	(354, 'ni', 23.8),
	(354, 'pb', 33.64),
	(354, 'zn', 65.6),
	(355, 'cd', 1.22),
	(355, 'co', 5.24),
	(355, 'cr', 27.04),
	(355, 'cu', 5.52),
	(355, 'ni', 21.04),
	(355, 'pb', 48.8),
	(355, 'zn', 46.4),
	(356, 'cd', 0.64),
	(356, 'co', 13.92),
	(356, 'cr', 28.32),
	(356, 'cu', 6.68),
	(356, 'ni', 18.0),
	(356, 'pb', 34.32),
	(356, 'zn', 55.2),
	(357, 'cd', 1.65),
	(357, 'co', 8.72),
	(357, 'cr', 33.36),
	(357, 'cu', 8.88),
	(357, 'ni', 22.72),
	(357, 'pb', 60.0),
	(357, 'zn', 80.0),
	(358, 'cd', 1.433),
	(358, 'co', 13.32),
	(358, 'cr', 47.6),
	(358, 'cu', 43.6),
	(358, 'ni', 29.12),
	(358, 'pb', 60.8),
	(358, 'zn', 87.2),
	(359, 'cd', 0.325),
	(359, 'co', 10.6),
	(359, 'cr', 30.0),
	(359, 'cu', 8.08),
	(359, 'ni', 14.0),
	(359, 'pb', 26.2),
	(359, 'zn', 54.96)
;